target_mbps,n,p50_us_median,p50_us_stddev,p99_us_median,p99_us_stddev,values_p50_us,values_p99_us
100,3,220.0,14.571661996262929,525.0,3.605551275463989,208.0 220.0 237.0,523.0 530.0 525.0
250,3,249.0,9.16515138991168,694.0,80.54191455385202,249.0 255.0 237.0,833.0 693.0 694.0
500,3,274.0,6.6583281184793925,1275.0,73.0091318489224,274.0 285.0 273.0,1275.0 1200.0 1346.0
750,3,291.0,12.288205727444508,1017.0,255.68404982191075,287.0 310.0 291.0,828.0 1334.0 1017.0
1000,3,311.0,0.5773502691896257,1100.0,34.93326972004386,311.0 312.0 311.0,1160.0 1099.0 1100.0
1500,3,383.0,6.0,1272.0,27.736858750286295,377.0 383.0 389.0,1272.0 1310.0 1256.0
2000,3,573.0,53.5194668633137,1383.0,11.547005383792515,580.0 484.0 573.0,1383.0 1383.0 1403.0
