target_mbps,n,p50_us_median,p50_us_stddev,p99_us_median,p99_us_stddev,values_p50_us,values_p99_us
100,3,245.0,7.371114795831994,529.0,28.88482877451991,248.0 234.0 245.0,529.0 527.0 578.0
250,3,234.0,8.962886439832502,713.0,82.8190799272728,233.0 249.0 234.0,713.0 694.0 846.0
500,3,272.0,3.2145502536643185,1232.0,24.419937209856485,272.0 267.0 273.0,1197.0 1232.0 1244.0
750,3,299.0,3.511884584284246,1117.0,99.55065712155462,302.0 299.0 295.0,1222.0 1117.0 1023.0
1000,3,320.0,9.60902353693305,1140.0,121.51680267902597,308.0 327.0 320.0,1140.0 1093.0 1323.0
1500,3,403.0,34.655446902326915,1374.0,189.77442750100272,403.0 405.0 344.0,1656.0 1374.0 1295.0
2000,3,549.0,32.41913015489465,1403.0,21.82506204649447,508.0 572.0 549.0,1418.0 1403.0 1375.0
