{
  "schema": 1,
  "campaign": "data/paper_eval/fig2/fig2_mechanism_epoch_clean_fd1a36ce",
  "git_commit": "fd1a36ced573ba1066237a6e82ba327aeff86756",
  "git_dirty": false,
  "metric_scope": "publisher append-to-ACK latency; downstream delivery-drain soft faults are disclosed but do not replace or invalidate completed ACK samples",
  "inputs_sha256": {
    "results.csv": "6a9cb8b2ac7fa185335bc375b6a6b5a6a8846b193590291eac034e67d26f895d",
    "campaign_contract.md": "5151e7171e9bcfc1954d0629e5820041a4bd43da1affbb8e28dd2ab689cf0d98"
  },
  "summary": [
    {
      "cell": "fig2_epoch_tau1000",
      "target_mbps": 250,
      "epoch_us": 1000,
      "trials": 3,
      "append_ack_p50_us_median": 514.0,
      "append_ack_p50_us_stddev": 13.0,
      "append_ack_p99_us_median": 1093.0,
      "append_ack_p99_us_stddev": 67.50555532695068,
      "values_p50_us": [
        536.0,
        514.0,
        513.0
      ],
      "values_p99_us": [
        1198.0,
        1093.0,
        1072.0
      ],
      "delivery_drain_soft_fault_trials": 0
    },
    {
      "cell": "fig2_epoch_tau2000",
      "target_mbps": 250,
      "epoch_us": 2000,
      "trials": 3,
      "append_ack_p50_us_median": 912.0,
      "append_ack_p50_us_stddev": 76.1511654539837,
      "append_ack_p99_us_median": 1977.0,
      "append_ack_p99_us_stddev": 121.6155143611757,
      "values_p50_us": [
        873.0,
        912.0,
        1020.0
      ],
      "values_p99_us": [
        1968.0,
        1977.0,
        2183.0
      ],
      "delivery_drain_soft_fault_trials": 0
    },
    {
      "cell": "fig2_epoch_tau250",
      "target_mbps": 250,
      "epoch_us": 250,
      "trials": 3,
      "append_ack_p50_us_median": 129.0,
      "append_ack_p50_us_stddev": 3.2145502536643185,
      "append_ack_p99_us_median": 520.0,
      "append_ack_p99_us_stddev": 38.01753981168867,
      "values_p50_us": [
        134.0,
        129.0,
        128.0
      ],
      "values_p99_us": [
        556.0,
        480.0,
        520.0
      ],
      "delivery_drain_soft_fault_trials": 1
    },
    {
      "cell": "fig2_epoch_tau500",
      "target_mbps": 250,
      "epoch_us": 500,
      "trials": 3,
      "append_ack_p50_us_median": 251.0,
      "append_ack_p50_us_stddev": 3.7859388972001824,
      "append_ack_p99_us_median": 694.0,
      "append_ack_p99_us_stddev": 16.522711641858304,
      "values_p50_us": [
        245.0,
        251.0,
        252.0
      ],
      "values_p99_us": [
        712.0,
        694.0,
        679.0
      ],
      "delivery_drain_soft_fault_trials": 0
    },
    {
      "cell": "fig2_mech_embar_o0_ack1_rf0",
      "target_mbps": 250,
      "epoch_us": 500,
      "trials": 3,
      "append_ack_p50_us_median": 177.0,
      "append_ack_p50_us_stddev": 6.8068592855540455,
      "append_ack_p99_us_median": 331.0,
      "append_ack_p99_us_stddev": 39.272551907577046,
      "values_p50_us": [
        187.0,
        174.0,
        177.0
      ],
      "values_p99_us": [
        333.0,
        264.0,
        331.0
      ],
      "delivery_drain_soft_fault_trials": 0
    },
    {
      "cell": "fig2_mech_embar_o5_ack1_rf0",
      "target_mbps": 250,
      "epoch_us": 500,
      "trials": 3,
      "append_ack_p50_us_median": 255.0,
      "append_ack_p50_us_stddev": 2.0816659994661326,
      "append_ack_p99_us_median": 563.0,
      "append_ack_p99_us_stddev": 23.515952032609693,
      "values_p50_us": [
        256.0,
        252.0,
        255.0
      ],
      "values_p99_us": [
        588.0,
        541.0,
        563.0
      ],
      "delivery_drain_soft_fault_trials": 0
    },
    {
      "cell": "fig2_mech_embar_o5_ack2_rf2_disk",
      "target_mbps": 250,
      "epoch_us": 500,
      "trials": 3,
      "append_ack_p50_us_median": 39821.0,
      "append_ack_p50_us_stddev": 18334.612185699483,
      "append_ack_p99_us_median": 200007.0,
      "append_ack_p99_us_stddev": 23531.67597799471,
      "values_p50_us": [
        71399.0,
        39821.0,
        39467.0
      ],
      "values_p99_us": [
        232124.0,
        200007.0,
        186273.0
      ],
      "delivery_drain_soft_fault_trials": 0
    },
    {
      "cell": "fig2_mech_embar_o5_ack2_rf2_mem",
      "target_mbps": 250,
      "epoch_us": 500,
      "trials": 3,
      "append_ack_p50_us_median": 228.0,
      "append_ack_p50_us_stddev": 13.892443989449804,
      "append_ack_p99_us_median": 683.0,
      "append_ack_p99_us_stddev": 43.98105652816145,
      "values_p50_us": [
        228.0,
        251.0,
        226.0
      ],
      "values_p99_us": [
        677.0,
        756.0,
        683.0
      ],
      "delivery_drain_soft_fault_trials": 1
    }
  ]
}
