cell,target_mbps,epoch_us,trials,append_ack_p50_us_median,append_ack_p50_us_stddev,append_ack_p99_us_median,append_ack_p99_us_stddev,delivery_drain_soft_fault_trials
fig2_epoch_tau1000,250,1000,3,514.0,13.0,1093.0,67.50555532695068,0
fig2_epoch_tau2000,250,2000,3,912.0,76.1511654539837,1977.0,121.6155143611757,0
fig2_epoch_tau250,250,250,3,129.0,3.2145502536643185,520.0,38.01753981168867,1
fig2_epoch_tau500,250,500,3,251.0,3.7859388972001824,694.0,16.522711641858304,0
fig2_mech_embar_o0_ack1_rf0,250,500,3,177.0,6.8068592855540455,331.0,39.272551907577046,0
fig2_mech_embar_o5_ack1_rf0,250,500,3,255.0,2.0816659994661326,563.0,23.515952032609693,0
fig2_mech_embar_o5_ack2_rf2_disk,250,500,3,39821.0,18334.612185699483,200007.0,23531.67597799471,0
fig2_mech_embar_o5_ack2_rf2_mem,250,500,3,228.0,13.892443989449804,683.0,43.98105652816145,1
