Stage,Average,Min,p50,p99,p999,Max,Count
append_send_to_ack,1.02223e+07,5.23178e+06,1.03551e+07,1.04751e+07,1.04757e+07,1.04757e+07,137
append_send_to_deliver,151019,2715,137399,320489,325940,325977,1048576
monotonic_ordered_le_ack_le_deliver,,,,,,,0
