Stage,Average,Min,p50,p99,p999,Max,Count
append_send_to_ack,1.02229e+07,5.2294e+06,1.03557e+07,1.04759e+07,1.04764e+07,1.04764e+07,137
append_send_to_deliver,147306,2556,133427,323563,329989,330046,1048576
monotonic_ordered_le_ack_le_deliver,,,,,,,0
